Type,Section,Item,Details,Status,Source,Repo/Branch,Notes
Master Plan,Simulation Pipeline,Image analysis & environment classification,Stage step,Defined,https://www.notion.so/2595cd1fe0a2815594fdfc4ed14d7517,Noodle-Vision/NVG1@noodle-vision-vr-ar-app,
Master Plan,Simulation Pipeline,Botz execution sequence,ImageBotz1 → ProcessBotz2 → EmulateBotz3 → PortBotz4 → RenderBotz5,Defined,https://www.notion.so/2595cd1fe0a2815594fdfc4ed14d7517,Noodle-Vision/NVG1@noodle-vision-vr-ar-app,
Master Plan,Simulation Pipeline,Adapter chain configs & patch cable routing,Routing and configs,Defined,https://www.notion.so/2595cd1fe0a2815594fdfc4ed14d7517,Noodle-Vision/NVG1@noodle-vision-vr-ar-app,
Master Plan,Simulation Pipeline,Hot spot mapping & latency measurements,Performance diagnostics,Defined,https://www.notion.so/2595cd1fe0a2815594fdfc4ed14d7517,Noodle-Vision/NVG1@noodle-vision-vr-ar-app,
Master Plan,Simulation Pipeline,Real-time feedback system performance,Runtime feedback,Defined,https://www.notion.so/2595cd1fe0a2815594fdfc4ed14d7517,Noodle-Vision/NVG1@noodle-vision-vr-ar-app,
Master Plan,Simulation Pipeline,Accessibility & inclusion metrics,Compliance metrics,Defined,https://www.notion.so/2595cd1fe0a2815594fdfc4ed14d7517,Noodle-Vision/NVG1@noodle-vision-vr-ar-app,
Master Plan,Simulation Pipeline,Event & data-driven analytics,Analytics tracking,Defined,https://www.notion.so/2595cd1fe0a2815594fdfc4ed14d7517,Noodle-Vision/NVG1@noodle-vision-vr-ar-app,
Master Plan,Simulation Pipeline,User diversity enhancement tracking,Diversity tracking,Defined,https://www.notion.so/2595cd1fe0a2815594fdfc4ed14d7517,Noodle-Vision/NVG1@noodle-vision-vr-ar-app,
Master Plan,Simulation Pipeline,Fallback system,Three-tier fallback implemented,✅,https://www.notion.so/2595cd1fe0a2815594fdfc4ed14d7517,Noodle-Vision/NVG1@noodle-vision-vr-ar-app,Merged=Done; PushToGit=Yes
Master Plan,Build Orchestration,Emotional logic processing,emotionRuntime.tags parsed; standard_processing,✅,https://www.notion.so/2385cd1fe0a28098a6d1f41bd7bbe8a0,Noodle-Vision/NVG1@dev,BuildBot primary; RecoveryQueue fallback
Master Plan,Build Orchestration,VR equipment configuration,Builds 1–16+ operational; modular plug-and-play,✅,https://www.notion.so/2385cd1fe0a28098a6d1f41bd7bbe8a0,Noodle-Vision/NVG1@dev,Accessibility adapter chain active
Master Plan,Build Orchestration,Recovery & fallback,RecoveryQueue active and monitoring,✅,https://www.notion.so/2385cd1fe0a28098a6d1f41bd7bbe8a0,Noodle-Vision/NVG1@dev,Agent coordination (NoodleBotz2)
Master Plan,Build Orchestration,Integration,Stadium/event params stable; reactive sound plugins,✅,https://www.notion.so/2385cd1fe0a28098a6d1f41bd7bbe8a0,Noodle-Vision/NVG1@dev,Inventory & subscription states synced
Master Plan,Build Orchestration,Status,Finalization in progress – guided setup,⏳,https://www.notion.so/2385cd1fe0a28098a6d1f41bd7bbe8a0,Noodle-Vision/NVG1@dev,Zapier Triggered: true
Master Plan,Automations,Command/HTTP packs,Agent command packs & HTTP configs present,In repo planning,https://www.notion.so/2535cd1fe0a280a980a8cd4132767df8,Noodle-Vision/NVG1@dev,Files listed in Notion attachments
Master Plan,Automations,CSV templates,Scotty Command Center; Notion CSV format,Available,https://www.notion.so/2535cd1fe0a280a980a8cd4132767df8,Noodle-Vision/NVG1@dev,
Master Plan,Automations,Push to Git,Not yet pushed from this page,❌,https://www.notion.so/2535cd1fe0a280a980a8cd4132767df8,Noodle-Vision/NVG1@dev,PromoteToMain: Yes; Visual Ready: No
Action Task,Simulation Pipeline,Verify pipeline execution,Confirm Botz1-5 sequence runs end-to-end,High,,,None
Action Task,Simulation Pipeline,Add visual readiness,Ensure simulation pipeline is visually testable,Medium,,,Pipeline merge
Action Task,Build Orchestration,Finalize guided setup,Complete orchestration status to final ready,High,,,Zapier integration
Action Task,Build Orchestration,Promote Build #2 to main,Push finalized VR/AV orchestration to GitHub main,High,,,Dev branch validation
Action Task,Automations,Push automations to GitHub,Commit automation packs & configs,High,,,Review Notion attachments
Action Task,Automations,Enable visual readiness,Prepare automation dashboards / visual indicators,Medium,,,Push to GitHub
Action Task,Automations,Link CSV templates,Integrate Scotty Command Center + Notion CSVs,Low,,,Push automation configs
