"FullName","Name","Extension","Length","LastWriteTime"
"C:\bolt full health care coding solution app\.gitignore",".gitignore",".gitignore","258","7/12/2025 5:05:38 AM"
"C:\bolt full health care coding solution app\eslint.config.js","eslint.config.js",".js","739","7/12/2025 5:05:38 AM"
"C:\bolt full health care coding solution app\index.html","index.html",".html","386","7/12/2025 5:05:38 AM"
"C:\bolt full health care coding solution app\package-lock.json","package-lock.json",".json","142953","7/12/2025 5:05:38 AM"
"C:\bolt full health care coding solution app\package.json","package.json",".json","810","7/12/2025 5:05:38 AM"
"C:\bolt full health care coding solution app\postcss.config.js","postcss.config.js",".js","81","7/12/2025 5:05:38 AM"
"C:\bolt full health care coding solution app\tailwind.config.js","tailwind.config.js",".js","170","7/12/2025 5:05:38 AM"
"C:\bolt full health care coding solution app\tsconfig.app.json","tsconfig.app.json",".json","552","7/12/2025 5:05:38 AM"
"C:\bolt full health care coding solution app\tsconfig.json","tsconfig.json",".json","119","7/12/2025 5:05:38 AM"
"C:\bolt full health care coding solution app\tsconfig.node.json","tsconfig.node.json",".json","479","7/12/2025 5:05:38 AM"
"C:\bolt full health care coding solution app\vite.config.ts","vite.config.ts",".ts","220","7/12/2025 5:05:38 AM"
"C:\bolt full health care coding solution app\.bolt\config.json","config.json",".json","39","7/12/2025 5:05:38 AM"
"C:\bolt full health care coding solution app\.bolt\prompt","prompt","","401","7/12/2025 5:05:38 AM"
"C:\bolt full health care coding solution app\src\App.tsx","App.tsx",".tsx","1347","7/12/2025 5:05:38 AM"
"C:\bolt full health care coding solution app\src\index.css","index.css",".css","59","7/12/2025 5:05:38 AM"
"C:\bolt full health care coding solution app\src\main.tsx","main.tsx",".tsx","234","7/12/2025 5:05:38 AM"
"C:\bolt full health care coding solution app\src\vite-env.d.ts","vite-env.d.ts",".ts","38","7/12/2025 5:05:38 AM"
"C:\bolt full health care coding solution app\src\components\CodeComparison.tsx","CodeComparison.tsx",".tsx","17201","7/12/2025 5:05:38 AM"
"C:\bolt full health care coding solution app\src\components\CoverageCheck.tsx","CoverageCheck.tsx",".tsx","6601","7/12/2025 5:05:38 AM"
"C:\bolt full health care coding solution app\src\components\Dashboard.tsx","Dashboard.tsx",".tsx","6439","7/12/2025 5:05:38 AM"
"C:\bolt full health care coding solution app\src\components\Header.tsx","Header.tsx",".tsx","3499","7/12/2025 5:05:38 AM"
"C:\bolt full health care coding solution app\src\components\InsuranceDetails.tsx","InsuranceDetails.tsx",".tsx","8863","7/12/2025 5:05:38 AM"
"C:\bolt full health care coding solution app\src\components\NetworkChangeMonitor.tsx","NetworkChangeMonitor.tsx",".tsx","12993","7/12/2025 5:05:38 AM"
"C:\bolt full health care coding solution app\src\components\ProcedureCodes.tsx","ProcedureCodes.tsx",".tsx","10928","7/12/2025 5:05:38 AM"
"C:\bolt full health care coding solution app\src\components\ProviderNetwork.tsx","ProviderNetwork.tsx",".tsx","8901","7/12/2025 5:05:38 AM"
"C:\bolt full health care coding solution app\src\components\VisitPrep.tsx","VisitPrep.tsx",".tsx","13613","7/12/2025 5:05:38 AM"
"C:\cognitive-services-speech-sdk-master\.gitattributes",".gitattributes",".gitattributes","1295","7/11/2025 10:22:53 PM"
"C:\cognitive-services-speech-sdk-master\.gitignore",".gitignore",".gitignore","6066","7/11/2025 10:22:53 PM"
"C:\cognitive-services-speech-sdk-master\CONTRIBUTING.md","CONTRIBUTING.md",".md","3993","7/11/2025 10:22:53 PM"
"C:\cognitive-services-speech-sdk-master\LICENSE.md","LICENSE.md",".md","1162","7/11/2025 10:22:53 PM"
"C:\cognitive-services-speech-sdk-master\README.md","README.md",".md","20893","7/11/2025 10:22:53 PM"
"C:\cognitive-services-speech-sdk-master\ThirdPartyNotices.md","ThirdPartyNotices.md",".md","394687","7/11/2025 10:22:53 PM"
"C:\cognitive-services-speech-sdk-master\.devcontainer\sample-python-web-avatar\devcontainer.json","devcontainer.json",".json","705","7/11/2025 10:22:53 PM"
"C:\cognitive-services-speech-sdk-master\.github\PULL_REQUEST_TEMPLATE.md","PULL_REQUEST_TEMPLATE.md",".md","482","7/11/2025 10:22:53 PM"
"C:\cognitive-services-speech-sdk-master\.github\ISSUE_TEMPLATE\bug_report.md","bug_report.md",".md","1740","7/11/2025 10:22:53 PM"
"C:\cognitive-services-speech-sdk-master\.github\ISSUE_TEMPLATE\feature_request.md","feature_request.md",".md","560","7/11/2025 10:22:53 PM"
"C:\cognitive-services-speech-sdk-master\.github\ISSUE_TEMPLATE\general-question-and-best-practices.md","general-question-and-best-practices.md",".md","105","7/11/2025 10:22:53 PM"
"C:\cognitive-services-speech-sdk-master\.github\workflows\ingestion_client.yaml","ingestion_client.yaml",".yaml","7828","7/11/2025 10:22:53 PM"
"C:\cognitive-services-speech-sdk-master\.github\workflows\label-stale-issues.yml","label-stale-issues.yml",".yml","10524","7/11/2025 10:22:53 PM"
"C:\cognitive-services-speech-sdk-master\ci\build.yml","build.yml",".yml","3960","7/11/2025 10:22:53 PM"
"C:\cognitive-services-speech-sdk-master\ci\check-git-head.sh","check-git-head.sh",".sh","3236","7/11/2025 10:22:53 PM"
"C:\cognitive-services-speech-sdk-master\ci\functions.sh","functions.sh",".sh","635","7/11/2025 10:22:53 PM"
"C:\cognitive-services-speech-sdk-master\ci\lint-python.yml","lint-python.yml",".yml","682","7/11/2025 10:22:53 PM"
"C:\cognitive-services-speech-sdk-master\ci\patch-samples.pl","patch-samples.pl",".pl","5835","7/11/2025 10:22:53 PM"
"C:\cognitive-services-speech-sdk-master\ci\run-gradle.sh","run-gradle.sh",".sh","1196","7/11/2025 10:22:53 PM"
"C:\cognitive-services-speech-sdk-master\docs\breaking_changes_1_0_0.md","breaking_changes_1_0_0.md",".md","20158","7/11/2025 10:22:53 PM"
"C:\cognitive-services-speech-sdk-master\docs\_config.yml","_config.yml",".yml","25","7/11/2025 10:22:53 PM"
"C:\cognitive-services-speech-sdk-master\docs\pronunciationassessment\how-to-get-phonemes-in-ipa-format.md","how-to-get-phonemes-in-ipa-format.md",".md","6680","7/11/2025 10:22:53 PM"
"C:\cognitive-services-speech-sdk-master\docs\pronunciationassessment\how-to-get-spoken-phonemes.md","how-to-get-spoken-phonemes.md",".md","8675","7/11/2025 10:22:53 PM"
"C:\cognitive-services-speech-sdk-master\docs\pronunciationassessment\how-to-get-syllables.md","how-to-get-syllables.md",".md","6892","7/11/2025 10:22:53 PM"
"C:\cognitive-services-speech-sdk-master\quickstart\cpp\linux\from-microphone\app_manager.sh","app_manager.sh",".sh","2564","7/11/2025 10:22:53 PM"
"C:\cognitive-services-speech-sdk-master\quickstart\cpp\linux\from-microphone\helloworld.cpp","helloworld.cpp",".cpp","2795","7/11/2025 10:22:53 PM"
"C:\cognitive-services-speech-sdk-master\quickstart\cpp\linux\from-microphone\Makefile","Makefile","","1310","7/11/2025 10:22:53 PM"
"C:\cognitive-services-speech-sdk-master\quickstart\cpp\linux\from-microphone\README.md","README.md",".md","4937","7/11/2025 10:22:53 PM"
"C:\cognitive-services-speech-sdk-master\quickstart\cpp\linux\from-microphone\.vscode\tasks.json","tasks.json",".json","1181","7/11/2025 10:22:53 PM"
"C:\cognitive-services-speech-sdk-master\quickstart\cpp\linux\text-to-speech\helloworld.cpp","helloworld.cpp",".cpp","2248","7/11/2025 10:22:53 PM"
"C:\cognitive-services-speech-sdk-master\quickstart\cpp\linux\text-to-speech\Makefile","Makefile","","1314","7/11/2025 10:22:53 PM"
"C:\cognitive-services-speech-sdk-master\quickstart\cpp\linux\text-to-speech\README.md","README.md",".md","3631","7/11/2025 10:22:53 PM"
"C:\cognitive-services-speech-sdk-master\quickstart\cpp\macos\from-microphone\helloworld.cpp","helloworld.cpp",".cpp","2055","7/11/2025 10:22:53 PM"
"C:\cognitive-services-speech-sdk-master\quickstart\cpp\macos\from-microphone\Makefile","Makefile","","985","7/11/2025 10:22:53 PM"
"C:\cognitive-services-speech-sdk-master\quickstart\cpp\macos\from-microphone\README.md","README.md",".md","3456","7/11/2025 10:22:53 PM"
"C:\cognitive-services-speech-sdk-master\quickstart\cpp\macos\text-to-speech\helloworld.cpp","helloworld.cpp",".cpp","2281","7/11/2025 10:22:54 PM"
"C:\cognitive-services-speech-sdk-master\quickstart\cpp\macos\text-to-speech\Makefile","Makefile","","985","7/11/2025 10:22:53 PM"
"C:\cognitive-services-speech-sdk-master\quickstart\cpp\macos\text-to-speech\README.md","README.md",".md","3014","7/11/2025 10:22:54 PM"
"C:\cognitive-services-speech-sdk-master\quickstart\cpp\windows\from-file\helloworld.sln","helloworld.sln",".sln","1410","7/11/2025 10:22:54 PM"
"C:\cognitive-services-speech-sdk-master\quickstart\cpp\windows\from-file\README.md","README.md",".md","3081","7/11/2025 10:22:54 PM"
"C:\cognitive-services-speech-sdk-master\quickstart\cpp\windows\from-file\helloworld\helloworld.cpp","helloworld.cpp",".cpp","2643","7/11/2025 10:22:54 PM"
"C:\cognitive-services-speech-sdk-master\quickstart\cpp\windows\from-file\helloworld\helloworld.vcxproj","helloworld.vcxproj",".vcxproj","9418","7/11/2025 10:22:54 PM"
"C:\cognitive-services-speech-sdk-master\quickstart\cpp\windows\from-file\helloworld\helloworld.vcxproj.filters","helloworld.vcxproj.filters",".filters","1403","7/11/2025 10:22:54 PM"
"C:\cognitive-services-speech-sdk-master\quickstart\cpp\windows\from-file\helloworld\packages.config","packages.config",".config","157","7/11/2025 10:22:54 PM"
"C:\cognitive-services-speech-sdk-master\quickstart\cpp\windows\from-file\helloworld\stdafx.cpp","stdafx.cpp",".cpp","286","7/11/2025 10:22:54 PM"
"C:\cognitive-services-speech-sdk-master\quickstart\cpp\windows\from-file\helloworld\stdafx.h","stdafx.h",".h","255","7/11/2025 10:22:54 PM"
"C:\cognitive-services-speech-sdk-master\quickstart\cpp\windows\from-file\helloworld\targetver.h","targetver.h",".h","306","7/11/2025 10:22:54 PM"
"C:\cognitive-services-speech-sdk-master\quickstart\cpp\windows\from-file\helloworld\whatstheweatherlike.wav","whatstheweatherlike.wav",".wav","65004","7/11/2025 10:22:54 PM"
"C:\cognitive-services-speech-sdk-master\quickstart\cpp\windows\from-microphone\helloworld.sln","helloworld.sln",".sln","1410","7/11/2025 10:22:54 PM"
"C:\cognitive-services-speech-sdk-master\quickstart\cpp\windows\from-microphone\README.md","README.md",".md","3075","7/11/2025 10:22:54 PM"
"C:\cognitive-services-speech-sdk-master\quickstart\cpp\windows\from-microphone\helloworld\helloworld.cpp","helloworld.cpp",".cpp","2430","7/11/2025 10:22:54 PM"
"C:\cognitive-services-speech-sdk-master\quickstart\cpp\windows\from-microphone\helloworld\helloworld.vcxproj","helloworld.vcxproj",".vcxproj","9243","7/11/2025 10:22:54 PM"
"C:\cognitive-services-speech-sdk-master\quickstart\cpp\windows\from-microphone\helloworld\helloworld.vcxproj.filters","helloworld.vcxproj.filters",".filters","1308","7/11/2025 10:22:54 PM"
"C:\cognitive-services-speech-sdk-master\quickstart\cpp\windows\from-microphone\helloworld\packages.config","packages.config",".config","157","7/11/2025 10:22:54 PM"
"C:\cognitive-services-speech-sdk-master\quickstart\cpp\windows\from-microphone\helloworld\stdafx.cpp","stdafx.cpp",".cpp","286","7/11/2025 10:22:54 PM"
"C:\cognitive-services-speech-sdk-master\quickstart\cpp\windows\from-microphone\helloworld\stdafx.h","stdafx.h",".h","255","7/11/2025 10:22:54 PM"
"C:\cognitive-services-speech-sdk-master\quickstart\cpp\windows\from-microphone\helloworld\targetver.h","targetver.h",".h","306","7/11/2025 10:22:54 PM"
"C:\cognitive-services-speech-sdk-master\quickstart\cpp\windows\intent-recognition\helloworld.sln","helloworld.sln",".sln","1410","7/11/2025 10:22:54 PM"
"C:\cognitive-services-speech-sdk-master\quickstart\cpp\windows\intent-recognition\README.md","README.md",".md","2523","7/11/2025 10:22:54 PM"
"C:\cognitive-services-speech-sdk-master\quickstart\cpp\windows\intent-recognition\helloworld\helloworld.cpp","helloworld.cpp",".cpp","4327","7/11/2025 10:22:54 PM"
"C:\cognitive-services-speech-sdk-master\quickstart\cpp\windows\intent-recognition\helloworld\helloworld.vcxproj","helloworld.vcxproj",".vcxproj","9243","7/11/2025 10:22:54 PM"
"C:\cognitive-services-speech-sdk-master\quickstart\cpp\windows\intent-recognition\helloworld\helloworld.vcxproj.filters","helloworld.vcxproj.filters",".filters","1308","7/11/2025 10:22:54 PM"
"C:\cognitive-services-speech-sdk-master\quickstart\cpp\windows\intent-recognition\helloworld\packages.config","packages.config",".config","157","7/11/2025 10:22:54 PM"
"C:\cognitive-services-speech-sdk-master\quickstart\cpp\windows\intent-recognition\helloworld\stdafx.cpp","stdafx.cpp",".cpp","286","7/11/2025 10:22:54 PM"
"C:\cognitive-services-speech-sdk-master\quickstart\cpp\windows\intent-recognition\helloworld\stdafx.h","stdafx.h",".h","255","7/11/2025 10:22:54 PM"
"C:\cognitive-services-speech-sdk-master\quickstart\cpp\windows\intent-recognition\helloworld\targetver.h","targetver.h",".h","306","7/11/2025 10:22:54 PM"
"C:\cognitive-services-speech-sdk-master\quickstart\cpp\windows\multi-device-conversation\helloworld.sln","helloworld.sln",".sln","1409","7/11/2025 10:22:54 PM"
"C:\cognitive-services-speech-sdk-master\quickstart\cpp\windows\multi-device-conversation\README.md","README.md",".md","2710","7/11/2025 10:22:54 PM"
"C:\cognitive-services-speech-sdk-master\quickstart\cpp\windows\multi-device-conversation\helloworld\helloworld.cpp","helloworld.cpp",".cpp","8981","7/11/2025 10:22:54 PM"
"C:\cognitive-services-speech-sdk-master\quickstart\cpp\windows\multi-device-conversation\helloworld\helloworld.vcxproj","helloworld.vcxproj",".vcxproj","8488","7/11/2025 10:22:54 PM"
"C:\cognitive-services-speech-sdk-master\quickstart\cpp\windows\multi-device-conversation\helloworld\helloworld.vcxproj.filters","helloworld.vcxproj.filters",".filters","1010","7/11/2025 10:22:54 PM"
"C:\cognitive-services-speech-sdk-master\quickstart\cpp\windows\multi-device-conversation\helloworld\packages.config","packages.config",".config","157","7/11/2025 10:22:54 PM"
"C:\cognitive-services-speech-sdk-master\quickstart\cpp\windows\speaker-recognition\helloworld.sln","helloworld.sln",".sln","1410","7/11/2025 10:22:54 PM"
"C:\cognitive-services-speech-sdk-master\quickstart\cpp\windows\speaker-recognition\README.md","README.md",".md","2814","7/11/2025 10:22:54 PM"
"C:\cognitive-services-speech-sdk-master\quickstart\cpp\windows\speaker-recognition\helloworld\aboutSpeechSdk.wav","aboutSpeechSdk.wav",".wav","1677804","7/11/2025 10:22:54 PM"
"C:\cognitive-services-speech-sdk-master\quickstart\cpp\windows\speaker-recognition\helloworld\helloworld.cpp","helloworld.cpp",".cpp","8034","7/11/2025 10:22:54 PM"
"C:\cognitive-services-speech-sdk-master\quickstart\cpp\windows\speaker-recognition\helloworld\helloworld.vcxproj","helloworld.vcxproj",".vcxproj","9633","7/11/2025 10:22:54 PM"
"C:\cognitive-services-speech-sdk-master\quickstart\cpp\windows\speaker-recognition\helloworld\helloworld.vcxproj.filters","helloworld.vcxproj.filters",".filters","2041","7/11/2025 10:22:54 PM"
"C:\cognitive-services-speech-sdk-master\quickstart\cpp\windows\speaker-recognition\helloworld\myVoiceIsMyPassportVerifyMe01.wav","myVoiceIsMyPassportVerifyMe01.wav",".wav","123760","7/11/2025 10:22:54 PM"
"C:\cognitive-services-speech-sdk-master\quickstart\cpp\windows\speaker-recognition\helloworld\myVoiceIsMyPassportVerifyMe02.wav","myVoiceIsMyPassportVerifyMe02.wav",".wav","139884","7/11/2025 10:22:54 PM"
"C:\cognitive-services-speech-sdk-master\quickstart\cpp\windows\speaker-recognition\helloworld\myVoiceIsMyPassportVerifyMe03.wav","myVoiceIsMyPassportVerifyMe03.wav",".wav","151884","7/11/2025 10:22:54 PM"
"C:\cognitive-services-speech-sdk-master\quickstart\cpp\windows\speaker-recognition\helloworld\myVoiceIsMyPassportVerifyMe04.wav","myVoiceIsMyPassportVerifyMe04.wav",".wav","131244","7/11/2025 10:22:54 PM"
"C:\cognitive-services-speech-sdk-master\quickstart\cpp\windows\speaker-recognition\helloworld\neuralActivationPhrase.wav","neuralActivationPhrase.wav",".wav","222092","7/11/2025 10:22:54 PM"
"C:\cognitive-services-speech-sdk-master\quickstart\cpp\windows\speaker-recognition\helloworld\packages.config","packages.config",".config","157","7/11/2025 10:22:54 PM"
"C:\cognitive-services-speech-sdk-master\quickstart\cpp\windows\speaker-recognition\helloworld\speechService.wav","speechService.wav",".wav","1888524","7/11/2025 10:22:54 PM"
"C:\cognitive-services-speech-sdk-master\quickstart\cpp\windows\speaker-recognition\helloworld\stdafx.cpp","stdafx.cpp",".cpp","286","7/11/2025 10:22:54 PM"
"C:\cognitive-services-speech-sdk-master\quickstart\cpp\windows\speaker-recognition\helloworld\stdafx.h","stdafx.h",".h","255","7/11/2025 10:22:54 PM"
"C:\cognitive-services-speech-sdk-master\quickstart\cpp\windows\speaker-recognition\helloworld\TalkForAFewSeconds16.wav","TalkForAFewSeconds16.wav",".wav","253162","7/11/2025 10:22:54 PM"
"C:\cognitive-services-speech-sdk-master\quickstart\cpp\windows\speaker-recognition\helloworld\targetver.h","targetver.h",".h","306","7/11/2025 10:22:54 PM"
"C:\cognitive-services-speech-sdk-master\quickstart\cpp\windows\speaker-recognition\helloworld\wikipediaOcelot.wav","wikipediaOcelot.wav",".wav","1800054","7/11/2025 10:22:54 PM"
"C:\cognitive-services-speech-sdk-master\quickstart\cpp\windows\text-to-speech\helloworld.sln","helloworld.sln",".sln","1410","7/11/2025 10:22:54 PM"
"C:\cognitive-services-speech-sdk-master\quickstart\cpp\windows\text-to-speech\README.md","README.md",".md","2976","7/11/2025 10:22:54 PM"
"C:\cognitive-services-speech-sdk-master\quickstart\cpp\windows\text-to-speech\helloworld\helloworld.cpp","helloworld.cpp",".cpp","2294","7/11/2025 10:22:54 PM"
"C:\cognitive-services-speech-sdk-master\quickstart\cpp\windows\text-to-speech\helloworld\helloworld.vcxproj","helloworld.vcxproj",".vcxproj","9243","7/11/2025 10:22:54 PM"
"C:\cognitive-services-speech-sdk-master\quickstart\cpp\windows\text-to-speech\helloworld\helloworld.vcxproj.filters","helloworld.vcxproj.filters",".filters","1308","7/11/2025 10:22:54 PM"
"C:\cognitive-services-speech-sdk-master\quickstart\cpp\windows\text-to-speech\helloworld\packages.config","packages.config",".config","157","7/11/2025 10:22:54 PM"
"C:\cognitive-services-speech-sdk-master\quickstart\cpp\windows\text-to-speech\helloworld\stdafx.cpp","stdafx.cpp",".cpp","286","7/11/2025 10:22:54 PM"
"C:\cognitive-services-speech-sdk-master\quickstart\cpp\windows\text-to-speech\helloworld\stdafx.h","stdafx.h",".h","255","7/11/2025 10:22:54 PM"
"C:\cognitive-services-speech-sdk-master\quickstart\cpp\windows\text-to-speech\helloworld\targetver.h","targetver.h",".h","306","7/11/2025 10:22:54 PM"
"C:\cognitive-services-speech-sdk-master\quickstart\cpp\windows\translate-speech-to-text\helloworld.sln","helloworld.sln",".sln","1409","7/11/2025 10:22:54 PM"
"C:\cognitive-services-speech-sdk-master\quickstart\cpp\windows\translate-speech-to-text\README.md","README.md",".md","3077","7/11/2025 10:22:54 PM"
"C:\cognitive-services-speech-sdk-master\quickstart\cpp\windows\translate-speech-to-text\helloworld\helloworld.cpp","helloworld.cpp",".cpp","3294","7/11/2025 10:22:54 PM"
"C:\cognitive-services-speech-sdk-master\quickstart\cpp\windows\translate-speech-to-text\helloworld\helloworld.vcxproj","helloworld.vcxproj",".vcxproj","9262","7/11/2025 10:22:54 PM"
"C:\cognitive-services-speech-sdk-master\quickstart\cpp\windows\translate-speech-to-text\helloworld\helloworld.vcxproj.filters","helloworld.vcxproj.filters",".filters","1212","7/11/2025 10:22:54 PM"
"C:\cognitive-services-speech-sdk-master\quickstart\cpp\windows\translate-speech-to-text\helloworld\packages.config","packages.config",".config","158","7/11/2025 10:22:54 PM"
"C:\cognitive-services-speech-sdk-master\quickstart\cpp\windows\translate-speech-to-text\helloworld\pch.cpp","pch.cpp",".cpp","370","7/11/2025 10:22:54 PM"
"C:\cognitive-services-speech-sdk-master\quickstart\cpp\windows\translate-speech-to-text\helloworld\pch.h","pch.h",".h","799","7/11/2025 10:22:54 PM"
"C:\cognitive-services-speech-sdk-master\quickstart\csharp\dotnet\conversation-transcription\helloworld.sln","helloworld.sln",".sln","1401","7/11/2025 10:22:54 PM"
"C:\cognitive-services-speech-sdk-master\quickstart\csharp\dotnet\conversation-transcription\README.md","README.md",".md","2966","7/11/2025 10:22:54 PM"
"C:\cognitive-services-speech-sdk-master\quickstart\csharp\dotnet\conversation-transcription\helloworld\App.config","App.config",".config","182","7/11/2025 10:22:54 PM"
"C:\cognitive-services-speech-sdk-master\quickstart\csharp\dotnet\conversation-transcription\helloworld\AudioStreamReader.cs","AudioStreamReader.cs",".cs","6550","7/11/2025 10:22:54 PM"
"C:\cognitive-services-speech-sdk-master\quickstart\csharp\dotnet\conversation-transcription\helloworld\helloworld.csproj","helloworld.csproj",".csproj","4788","7/11/2025 10:22:54 PM"
"C:\cognitive-services-speech-sdk-master\quickstart\csharp\dotnet\conversation-transcription\helloworld\katiesteve_mono.wav","katiesteve_mono.wav",".wav","613840","7/11/2025 10:22:54 PM"
"C:\cognitive-services-speech-sdk-master\quickstart\csharp\dotnet\conversation-transcription\helloworld\Program.cs","Program.cs",".cs","4566","7/11/2025 10:22:54 PM"
"C:\cognitive-services-speech-sdk-master\quickstart\csharp\dotnet\conversation-transcription\helloworld\Properties\AssemblyInfo.cs","AssemblyInfo.cs",".cs","1397","7/11/2025 10:22:54 PM"
"C:\cognitive-services-speech-sdk-master\quickstart\csharp\dotnet\from-blob\packages.config","packages.config",".config","229","7/11/2025 10:22:54 PM"
"C:\cognitive-services-speech-sdk-master\quickstart\csharp\dotnet\from-file\helloworld.sln","helloworld.sln",".sln","1401","7/11/2025 10:22:54 PM"
"C:\cognitive-services-speech-sdk-master\quickstart\csharp\dotnet\from-file\README.md","README.md",".md","3046","7/11/2025 10:22:54 PM"
"C:\cognitive-services-speech-sdk-master\quickstart\csharp\dotnet\from-file\helloworld\App.config","App.config",".config","182","7/11/2025 10:22:54 PM"
"C:\cognitive-services-speech-sdk-master\quickstart\csharp\dotnet\from-file\helloworld\helloworld.csproj","helloworld.csproj",".csproj","4459","7/11/2025 10:22:54 PM"
"C:\cognitive-services-speech-sdk-master\quickstart\csharp\dotnet\from-file\helloworld\packages.config","packages.config",".config","157","7/11/2025 10:22:54 PM"
"C:\cognitive-services-speech-sdk-master\quickstart\csharp\dotnet\from-file\helloworld\Program.cs","Program.cs",".cs","2051","7/11/2025 10:22:54 PM"
"C:\cognitive-services-speech-sdk-master\quickstart\csharp\dotnet\from-file\helloworld\Properties\AssemblyInfo.cs","AssemblyInfo.cs",".cs","1397","7/11/2025 10:22:54 PM"
"C:\cognitive-services-speech-sdk-master\quickstart\csharp\dotnet\from-microphone\helloworld.sln","helloworld.sln",".sln","1401","7/11/2025 10:22:55 PM"
"C:\cognitive-services-speech-sdk-master\quickstart\csharp\dotnet\from-microphone\README.md","README.md",".md","3047","7/11/2025 10:22:55 PM"
"C:\cognitive-services-speech-sdk-master\quickstart\csharp\dotnet\from-microphone\helloworld\App.config","App.config",".config","182","7/11/2025 10:22:55 PM"
"C:\cognitive-services-speech-sdk-master\quickstart\csharp\dotnet\from-microphone\helloworld\helloworld.csproj","helloworld.csproj",".csproj","4459","7/11/2025 10:22:55 PM"
"C:\cognitive-services-speech-sdk-master\quickstart\csharp\dotnet\from-microphone\helloworld\packages.config","packages.config",".config","157","7/11/2025 10:22:55 PM"
"C:\cognitive-services-speech-sdk-master\quickstart\csharp\dotnet\from-microphone\helloworld\Program.cs","Program.cs",".cs","2781","7/11/2025 10:22:55 PM"
"C:\cognitive-services-speech-sdk-master\quickstart\csharp\dotnet\from-microphone\helloworld\Properties\AssemblyInfo.cs","AssemblyInfo.cs",".cs","1397","7/11/2025 10:22:55 PM"
"C:\cognitive-services-speech-sdk-master\quickstart\csharp\dotnet\intent-recognition\helloworld.sln","helloworld.sln",".sln","1401","7/11/2025 10:22:55 PM"
"C:\cognitive-services-speech-sdk-master\quickstart\csharp\dotnet\intent-recognition\README.md","README.md",".md","2854","7/11/2025 10:22:55 PM"
"C:\cognitive-services-speech-sdk-master\quickstart\csharp\dotnet\intent-recognition\helloworld\App.config","App.config",".config","171","7/11/2025 10:22:55 PM"
"C:\cognitive-services-speech-sdk-master\quickstart\csharp\dotnet\intent-recognition\helloworld\helloworld.csproj","helloworld.csproj",".csproj","4518","7/11/2025 10:22:55 PM"
"C:\cognitive-services-speech-sdk-master\quickstart\csharp\dotnet\intent-recognition\helloworld\packages.config","packages.config",".config","157","7/11/2025 10:22:55 PM"
"C:\cognitive-services-speech-sdk-master\quickstart\csharp\dotnet\intent-recognition\helloworld\Program.cs","Program.cs",".cs","5296","7/11/2025 10:22:55 PM"
"C:\cognitive-services-speech-sdk-master\quickstart\csharp\dotnet\intent-recognition\helloworld\Properties\AssemblyInfo.cs","AssemblyInfo.cs",".cs","1397","7/11/2025 10:22:55 PM"
"C:\cognitive-services-speech-sdk-master\quickstart\csharp\dotnet\meeting-transcription\helloworld.sln","helloworld.sln",".sln","1401","7/11/2025 10:22:55 PM"
"C:\cognitive-services-speech-sdk-master\quickstart\csharp\dotnet\meeting-transcription\README.md","README.md",".md","2818","7/11/2025 10:22:55 PM"
"C:\cognitive-services-speech-sdk-master\quickstart\csharp\dotnet\meeting-transcription\helloworld\App.config","App.config",".config","182","7/11/2025 10:22:55 PM"
"C:\cognitive-services-speech-sdk-master\quickstart\csharp\dotnet\meeting-transcription\helloworld\AudioStreamReader.cs","AudioStreamReader.cs",".cs","6550","7/11/2025 10:22:55 PM"
"C:\cognitive-services-speech-sdk-master\quickstart\csharp\dotnet\meeting-transcription\helloworld\enrollment_audio_katie.wav","enrollment_audio_katie.wav",".wav","587016","7/11/2025 10:22:55 PM"
"C:\cognitive-services-speech-sdk-master\quickstart\csharp\dotnet\meeting-transcription\helloworld\enrollment_audio_steve.wav","enrollment_audio_steve.wav",".wav","634924","7/11/2025 10:22:55 PM"
"C:\cognitive-services-speech-sdk-master\quickstart\csharp\dotnet\meeting-transcription\helloworld\helloworld.csproj","helloworld.csproj",".csproj","5139","7/11/2025 10:22:55 PM"
"C:\cognitive-services-speech-sdk-master\quickstart\csharp\dotnet\meeting-transcription\helloworld\katiesteve.wav","katiesteve.wav",".wav","4910448","7/11/2025 10:22:55 PM"
"C:\cognitive-services-speech-sdk-master\quickstart\csharp\dotnet\meeting-transcription\helloworld\Program.cs","Program.cs",".cs","9157","7/11/2025 10:22:55 PM"
"C:\cognitive-services-speech-sdk-master\quickstart\csharp\dotnet\meeting-transcription\helloworld\Properties\AssemblyInfo.cs","AssemblyInfo.cs",".cs","1397","7/11/2025 10:22:55 PM"
"C:\cognitive-services-speech-sdk-master\quickstart\csharp\dotnet\multi-device-conversation\helloworld.sln","helloworld.sln",".sln","1052","7/11/2025 10:22:55 PM"
"C:\cognitive-services-speech-sdk-master\quickstart\csharp\dotnet\multi-device-conversation\README.md","README.md",".md","2819","7/11/2025 10:22:55 PM"
"C:\cognitive-services-speech-sdk-master\quickstart\csharp\dotnet\multi-device-conversation\helloworld\App.config","App.config",".config","181","7/11/2025 10:22:55 PM"
"C:\cognitive-services-speech-sdk-master\quickstart\csharp\dotnet\multi-device-conversation\helloworld\helloworld.csproj","helloworld.csproj",".csproj","3510","7/11/2025 10:22:55 PM"
"C:\cognitive-services-speech-sdk-master\quickstart\csharp\dotnet\multi-device-conversation\helloworld\packages.config","packages.config",".config","157","7/11/2025 10:22:55 PM"
"C:\cognitive-services-speech-sdk-master\quickstart\csharp\dotnet\multi-device-conversation\helloworld\Program.cs","Program.cs",".cs","12389","7/11/2025 10:22:55 PM"
"C:\cognitive-services-speech-sdk-master\quickstart\csharp\dotnet\multi-device-conversation\helloworld\Properties\AssemblyInfo.cs","AssemblyInfo.cs",".cs","1397","7/11/2025 10:22:55 PM"
"C:\cognitive-services-speech-sdk-master\quickstart\csharp\dotnet\speaker-recognition\helloworld.sln","helloworld.sln",".sln","1053","7/11/2025 10:22:55 PM"
"C:\cognitive-services-speech-sdk-master\quickstart\csharp\dotnet\speaker-recognition\README.md","README.md",".md","3225","7/11/2025 10:22:55 PM"
"C:\cognitive-services-speech-sdk-master\quickstart\csharp\dotnet\speaker-recognition\helloworld\aboutSpeechSdk.wav","aboutSpeechSdk.wav",".wav","1677804","7/11/2025 10:22:55 PM"
"C:\cognitive-services-speech-sdk-master\quickstart\csharp\dotnet\speaker-recognition\helloworld\App.config","App.config",".config","181","7/11/2025 10:22:55 PM"
"C:\cognitive-services-speech-sdk-master\quickstart\csharp\dotnet\speaker-recognition\helloworld\helloworld.csproj","helloworld.csproj",".csproj","4817","7/11/2025 10:22:55 PM"
"C:\cognitive-services-speech-sdk-master\quickstart\csharp\dotnet\speaker-recognition\helloworld\myVoiceIsMyPassportVerifyMe01.wav","myVoiceIsMyPassportVerifyMe01.wav",".wav","123760","7/11/2025 10:22:55 PM"
"C:\cognitive-services-speech-sdk-master\quickstart\csharp\dotnet\speaker-recognition\helloworld\myVoiceIsMyPassportVerifyMe02.wav","myVoiceIsMyPassportVerifyMe02.wav",".wav","139884","7/11/2025 10:22:55 PM"
"C:\cognitive-services-speech-sdk-master\quickstart\csharp\dotnet\speaker-recognition\helloworld\myVoiceIsMyPassportVerifyMe03.wav","myVoiceIsMyPassportVerifyMe03.wav",".wav","151884","7/11/2025 10:22:55 PM"
"C:\cognitive-services-speech-sdk-master\quickstart\csharp\dotnet\speaker-recognition\helloworld\myVoiceIsMyPassportVerifyMe04.wav","myVoiceIsMyPassportVerifyMe04.wav",".wav","131244","7/11/2025 10:22:55 PM"
"C:\cognitive-services-speech-sdk-master\quickstart\csharp\dotnet\speaker-recognition\helloworld\neuralActivationPhrase.wav","neuralActivationPhrase.wav",".wav","222092","7/11/2025 10:22:55 PM"
"C:\cognitive-services-speech-sdk-master\quickstart\csharp\dotnet\speaker-recognition\helloworld\packages.config","packages.config",".config","157","7/11/2025 10:22:55 PM"
"C:\cognitive-services-speech-sdk-master\quickstart\csharp\dotnet\speaker-recognition\helloworld\Program.cs","Program.cs",".cs","9610","7/11/2025 10:22:55 PM"
"C:\cognitive-services-speech-sdk-master\quickstart\csharp\dotnet\speaker-recognition\helloworld\speechService.wav","speechService.wav",".wav","1888524","7/11/2025 10:22:55 PM"
"C:\cognitive-services-speech-sdk-master\quickstart\csharp\dotnet\speaker-recognition\helloworld\TalkForAFewSeconds16.wav","TalkForAFewSeconds16.wav",".wav","253162","7/11/2025 10:22:55 PM"
"C:\cognitive-services-speech-sdk-master\quickstart\csharp\dotnet\speaker-recognition\helloworld\wikipediaOcelot.wav","wikipediaOcelot.wav",".wav","1800054","7/11/2025 10:22:55 PM"
"C:\cognitive-services-speech-sdk-master\quickstart\csharp\dotnet\speaker-recognition\helloworld\Properties\AssemblyInfo.cs","AssemblyInfo.cs",".cs","1398","7/11/2025 10:22:55 PM"
"C:\cognitive-services-speech-sdk-master\quickstart\csharp\dotnet\text-to-speech\helloworld.sln","helloworld.sln",".sln","1401","7/11/2025 10:22:55 PM"
"C:\cognitive-services-speech-sdk-master\quickstart\csharp\dotnet\text-to-speech\README.md","README.md",".md","2933","7/11/2025 10:22:55 PM"
"C:\cognitive-services-speech-sdk-master\quickstart\csharp\dotnet\text-to-speech\helloworld\App.config","App.config",".config","182","7/11/2025 10:22:55 PM"
"C:\cognitive-services-speech-sdk-master\quickstart\csharp\dotnet\text-to-speech\helloworld\helloworld.csproj","helloworld.csproj",".csproj","4459","7/11/2025 10:22:55 PM"
"C:\cognitive-services-speech-sdk-master\quickstart\csharp\dotnet\text-to-speech\helloworld\packages.config","packages.config",".config","157","7/11/2025 10:22:55 PM"
"C:\cognitive-services-speech-sdk-master\quickstart\csharp\dotnet\text-to-speech\helloworld\Program.cs","Program.cs",".cs","3012","7/11/2025 10:22:55 PM"
"C:\cognitive-services-speech-sdk-master\quickstart\csharp\dotnet\text-to-speech\helloworld\Properties\AssemblyInfo.cs","AssemblyInfo.cs",".cs","1398","7/11/2025 10:22:55 PM"
"C:\cognitive-services-speech-sdk-master\quickstart\csharp\dotnet\translate-speech-to-text\helloworld.sln","helloworld.sln",".sln","1400","7/11/2025 10:22:55 PM"
"C:\cognitive-services-speech-sdk-master\quickstart\csharp\dotnet\translate-speech-to-text\README.md","README.md",".md","3047","7/11/2025 10:22:55 PM"
"C:\cognitive-services-speech-sdk-master\quickstart\csharp\dotnet\translate-speech-to-text\helloworld\App.config","App.config",".config","182","7/11/2025 10:22:55 PM"
"C:\cognitive-services-speech-sdk-master\quickstart\csharp\dotnet\translate-speech-to-text\helloworld\helloworld.csproj","helloworld.csproj",".csproj","3666","7/11/2025 10:22:55 PM"
"C:\cognitive-services-speech-sdk-master\quickstart\csharp\dotnet\translate-speech-to-text\helloworld\packages.config","packages.config",".config","158","7/11/2025 10:22:55 PM"
"C:\cognitive-services-speech-sdk-master\quickstart\csharp\dotnet\translate-speech-to-text\helloworld\Program.cs","Program.cs",".cs","3871","7/11/2025 10:22:55 PM"
"C:\cognitive-services-speech-sdk-master\quickstart\csharp\dotnet\translate-speech-to-text\helloworld\Properties\AssemblyInfo.cs","AssemblyInfo.cs",".cs","1398","7/11/2025 10:22:55 PM"
"C:\cognitive-services-speech-sdk-master\quickstart\csharp\dotnetcore\from-microphone\helloworld.sln","helloworld.sln",".sln","1101","7/11/2025 10:22:55 PM"
"C:\cognitive-services-speech-sdk-master\quickstart\csharp\dotnetcore\from-microphone\README.md","README.md",".md","2663","7/11/2025 10:22:55 PM"
"C:\cognitive-services-speech-sdk-master\quickstart\csharp\dotnetcore\from-microphone\helloworld\helloworld.csproj","helloworld.csproj",".csproj","381","7/11/2025 10:22:55 PM"
"C:\cognitive-services-speech-sdk-master\quickstart\csharp\dotnetcore\from-microphone\helloworld\Program.cs","Program.cs",".cs","2846","7/11/2025 10:22:55 PM"
"C:\cognitive-services-speech-sdk-master\quickstart\csharp\dotnetcore\text-to-speech\helloworld.sln","helloworld.sln",".sln","1101","7/11/2025 10:22:55 PM"
"C:\cognitive-services-speech-sdk-master\quickstart\csharp\dotnetcore\text-to-speech\README.md","README.md",".md","3110","7/11/2025 10:22:55 PM"
"C:\cognitive-services-speech-sdk-master\quickstart\csharp\dotnetcore\text-to-speech\helloworld\helloworld.csproj","helloworld.csproj",".csproj","318","7/11/2025 10:22:55 PM"
"C:\cognitive-services-speech-sdk-master\quickstart\csharp\dotnetcore\text-to-speech\helloworld\Program.cs","Program.cs",".cs","2862","7/11/2025 10:22:55 PM"
"C:\cognitive-services-speech-sdk-master\quickstart\csharp\dotnetcore\translate-speech-to-text\app_manager.ps1","app_manager.ps1",".ps1","1804","7/11/2025 10:22:55 PM"
"C:\cognitive-services-speech-sdk-master\quickstart\csharp\dotnetcore\translate-speech-to-text\app_manager.sh","app_manager.sh",".sh","1579","7/11/2025 10:22:55 PM"
"C:\cognitive-services-speech-sdk-master\quickstart\csharp\dotnetcore\translate-speech-to-text\config.json","config.json",".json","94","7/11/2025 10:22:55 PM"
"C:\cognitive-services-speech-sdk-master\quickstart\csharp\dotnetcore\translate-speech-to-text\helloworld.sln","helloworld.sln",".sln","1100","7/11/2025 10:22:55 PM"
"C:\cognitive-services-speech-sdk-master\quickstart\csharp\dotnetcore\translate-speech-to-text\README.md","README.md",".md","3940","7/11/2025 10:22:55 PM"
"C:\cognitive-services-speech-sdk-master\quickstart\csharp\dotnetcore\translate-speech-to-text\.vscode\tasks.json","tasks.json",".json","2121","7/11/2025 10:22:55 PM"
"C:\cognitive-services-speech-sdk-master\quickstart\csharp\dotnetcore\translate-speech-to-text\helloworld\helloworld.csproj","helloworld.csproj",".csproj","606","7/11/2025 10:22:55 PM"
"C:\cognitive-services-speech-sdk-master\quickstart\csharp\dotnetcore\translate-speech-to-text\helloworld\Program.cs","Program.cs",".cs","4616","7/11/2025 10:22:55 PM"
"C:\cognitive-services-speech-sdk-master\quickstart\csharp\unity\from-microphone\README.md","README.md",".md","14465","7/11/2025 10:22:55 PM"
"C:\cognitive-services-speech-sdk-master\quickstart\csharp\unity\from-microphone\Assets\Scenes\HelloWorld.unity","HelloWorld.unity",".unity","20090","7/11/2025 10:22:56 PM"
"C:\cognitive-services-speech-sdk-master\quickstart\csharp\unity\from-microphone\Assets\Scripts\HelloWorld.cs","HelloWorld.cs",".cs","5075","7/11/2025 10:22:56 PM"
"C:\cognitive-services-speech-sdk-master\quickstart\csharp\unity\from-microphone\Assets\Scripts\HelloWorld.cs.meta","HelloWorld.cs.meta",".meta","243","7/11/2025 10:22:56 PM"
"C:\cognitive-services-speech-sdk-master\quickstart\csharp\unity\from-microphone\ProjectSettings\AudioManager.asset","AudioManager.asset",".asset","357","7/11/2025 10:22:56 PM"
"C:\cognitive-services-speech-sdk-master\quickstart\csharp\unity\from-microphone\ProjectSettings\ClusterInputManager.asset","ClusterInputManager.asset",".asset","114","7/11/2025 10:22:56 PM"
"C:\cognitive-services-speech-sdk-master\quickstart\csharp\unity\from-microphone\ProjectSettings\DynamicsManager.asset","DynamicsManager.asset",".asset","763","7/11/2025 10:22:56 PM"
"C:\cognitive-services-speech-sdk-master\quickstart\csharp\unity\from-microphone\ProjectSettings\EditorBuildSettings.asset","EditorBuildSettings.asset",".asset","138","7/11/2025 10:22:56 PM"
"C:\cognitive-services-speech-sdk-master\quickstart\csharp\unity\from-microphone\ProjectSettings\EditorSettings.asset","EditorSettings.asset",".asset","590","7/11/2025 10:22:56 PM"
"C:\cognitive-services-speech-sdk-master\quickstart\csharp\unity\from-microphone\ProjectSettings\GraphicsSettings.asset","GraphicsSettings.asset",".asset","2390","7/11/2025 10:22:56 PM"
"C:\cognitive-services-speech-sdk-master\quickstart\csharp\unity\from-microphone\ProjectSettings\InputManager.asset","InputManager.asset",".asset","5793","7/11/2025 10:22:56 PM"
"C:\cognitive-services-speech-sdk-master\quickstart\csharp\unity\from-microphone\ProjectSettings\NavMeshAreas.asset","NavMeshAreas.asset",".asset","1308","7/11/2025 10:22:56 PM"
"C:\cognitive-services-speech-sdk-master\quickstart\csharp\unity\from-microphone\ProjectSettings\NetworkManager.asset","NetworkManager.asset",".asset","151","7/11/2025 10:22:56 PM"
"C:\cognitive-services-speech-sdk-master\quickstart\csharp\unity\from-microphone\ProjectSettings\PackageManagerSettings.asset","PackageManagerSettings.asset",".asset","1003","7/11/2025 10:22:56 PM"
"C:\cognitive-services-speech-sdk-master\quickstart\csharp\unity\from-microphone\ProjectSettings\Physics2DSettings.asset","Physics2DSettings.asset",".asset","1400","7/11/2025 10:22:56 PM"
"C:\cognitive-services-speech-sdk-master\quickstart\csharp\unity\from-microphone\ProjectSettings\PresetManager.asset","PresetManager.asset",".asset","120","7/11/2025 10:22:56 PM"
"C:\cognitive-services-speech-sdk-master\quickstart\csharp\unity\from-microphone\ProjectSettings\ProjectSettings.asset","ProjectSettings.asset",".asset","20409","7/11/2025 10:22:56 PM"
"C:\cognitive-services-speech-sdk-master\quickstart\csharp\unity\from-microphone\ProjectSettings\ProjectVersion.txt","ProjectVersion.txt",".txt","85","7/11/2025 10:22:56 PM"
"C:\cognitive-services-speech-sdk-master\quickstart\csharp\unity\from-microphone\ProjectSettings\QualitySettings.asset","QualitySettings.asset",".asset","4864","7/11/2025 10:22:56 PM"
"C:\cognitive-services-speech-sdk-master\quickstart\csharp\unity\from-microphone\ProjectSettings\TagManager.asset","TagManager.asset",".asset","378","7/11/2025 10:22:56 PM"
"C:\cognitive-services-speech-sdk-master\quickstart\csharp\unity\from-microphone\ProjectSettings\TimeManager.asset","TimeManager.asset",".asset","202","7/11/2025 10:22:56 PM"
"C:\cognitive-services-speech-sdk-master\quickstart\csharp\unity\from-microphone\ProjectSettings\UnityConnectSettings.asset","UnityConnectSettings.asset",".asset","853","7/11/2025 10:22:56 PM"
"C:\cognitive-services-speech-sdk-master\quickstart\csharp\unity\from-microphone\ProjectSettings\VersionControlSettings.asset","VersionControlSettings.asset",".asset","188","7/11/2025 10:22:56 PM"
"C:\cognitive-services-speech-sdk-master\quickstart\csharp\unity\from-microphone\ProjectSettings\VFXManager.asset","VFXManager.asset",".asset","273","7/11/2025 10:22:56 PM"
"C:\cognitive-services-speech-sdk-master\quickstart\csharp\unity\text-to-speech\README.md","README.md",".md","13926","7/11/2025 10:22:56 PM"
"C:\cognitive-services-speech-sdk-master\quickstart\csharp\unity\text-to-speech\Assets\Scenes\HelloWorld.unity","HelloWorld.unity",".unity","32120","7/11/2025 10:22:56 PM"
"C:\cognitive-services-speech-sdk-master\quickstart\csharp\unity\text-to-speech\Assets\Scripts\HelloWorld.cs","HelloWorld.cs",".cs","6177","7/11/2025 10:22:56 PM"
"C:\cognitive-services-speech-sdk-master\quickstart\csharp\unity\text-to-speech\Assets\Scripts\HelloWorld.cs.meta","HelloWorld.cs.meta",".meta","243","7/11/2025 10:22:56 PM"
"C:\cognitive-services-speech-sdk-master\quickstart\csharp\unity\text-to-speech\ProjectSettings\AudioManager.asset","AudioManager.asset",".asset","360","7/11/2025 10:22:56 PM"
"C:\cognitive-services-speech-sdk-master\quickstart\csharp\unity\text-to-speech\ProjectSettings\ClusterInputManager.asset","ClusterInputManager.asset",".asset","114","7/11/2025 10:22:56 PM"
"C:\cognitive-services-speech-sdk-master\quickstart\csharp\unity\text-to-speech\ProjectSettings\DynamicsManager.asset","DynamicsManager.asset",".asset","1075","7/11/2025 10:22:56 PM"
"C:\cognitive-services-speech-sdk-master\quickstart\csharp\unity\text-to-speech\ProjectSettings\EditorBuildSettings.asset","EditorBuildSettings.asset",".asset","257","7/11/2025 10:22:56 PM"
"C:\cognitive-services-speech-sdk-master\quickstart\csharp\unity\text-to-speech\ProjectSettings\EditorSettings.asset","EditorSettings.asset",".asset","622","7/11/2025 10:22:56 PM"
"C:\cognitive-services-speech-sdk-master\quickstart\csharp\unity\text-to-speech\ProjectSettings\GraphicsSettings.asset","GraphicsSettings.asset",".asset","2221","7/11/2025 10:22:56 PM"
"C:\cognitive-services-speech-sdk-master\quickstart\csharp\unity\text-to-speech\ProjectSettings\InputManager.asset","InputManager.asset",".asset","5793","7/11/2025 10:22:56 PM"
"C:\cognitive-services-speech-sdk-master\quickstart\csharp\unity\text-to-speech\ProjectSettings\NavMeshAreas.asset","NavMeshAreas.asset",".asset","1308","7/11/2025 10:22:56 PM"
"C:\cognitive-services-speech-sdk-master\quickstart\csharp\unity\text-to-speech\ProjectSettings\NetworkManager.asset","NetworkManager.asset",".asset","151","7/11/2025 10:22:56 PM"
"C:\cognitive-services-speech-sdk-master\quickstart\csharp\unity\text-to-speech\ProjectSettings\Physics2DSettings.asset","Physics2DSettings.asset",".asset","1431","7/11/2025 10:22:56 PM"
"C:\cognitive-services-speech-sdk-master\quickstart\csharp\unity\text-to-speech\ProjectSettings\PresetManager.asset","PresetManager.asset",".asset","797","7/11/2025 10:22:56 PM"
"C:\cognitive-services-speech-sdk-master\quickstart\csharp\unity\text-to-speech\ProjectSettings\ProjectSettings.asset","ProjectSettings.asset",".asset","21573","7/11/2025 10:22:56 PM"
"C:\cognitive-services-speech-sdk-master\quickstart\csharp\unity\text-to-speech\ProjectSettings\ProjectVersion.txt","ProjectVersion.txt",".txt","85","7/11/2025 10:22:56 PM"
"C:\cognitive-services-speech-sdk-master\quickstart\csharp\unity\text-to-speech\ProjectSettings\QualitySettings.asset","QualitySettings.asset",".asset","4841","7/11/2025 10:22:56 PM"
"C:\cognitive-services-speech-sdk-master\quickstart\csharp\unity\text-to-speech\ProjectSettings\TagManager.asset","TagManager.asset",".asset","392","7/11/2025 10:22:56 PM"
"C:\cognitive-services-speech-sdk-master\quickstart\csharp\unity\text-to-speech\ProjectSettings\TimeManager.asset","TimeManager.asset",".asset","195","7/11/2025 10:22:56 PM"
"C:\cognitive-services-speech-sdk-master\quickstart\csharp\unity\text-to-speech\ProjectSettings\UnityConnectSettings.asset","UnityConnectSettings.asset",".asset","853","7/11/2025 10:22:56 PM"
"C:\cognitive-services-speech-sdk-master\quickstart\csharp\unity\text-to-speech\ProjectSettings\VFXManager.asset","VFXManager.asset",".asset","273","7/11/2025 10:22:56 PM"
"C:\cognitive-services-speech-sdk-master\quickstart\csharp\uwp\from-microphone\helloworld.sln","helloworld.sln",".sln","1711","7/11/2025 10:22:56 PM"
"C:\cognitive-services-speech-sdk-master\quickstart\csharp\uwp\from-microphone\README.md","README.md",".md","3013","7/11/2025 10:22:56 PM"
"C:\cognitive-services-speech-sdk-master\quickstart\csharp\uwp\from-microphone\helloworld\App.xaml","App.xaml",".xaml","224","7/11/2025 10:22:56 PM"
"C:\cognitive-services-speech-sdk-master\quickstart\csharp\uwp\from-microphone\helloworld\App.xaml.cs","App.xaml.cs",".cs","3962","7/11/2025 10:22:56 PM"
"C:\cognitive-services-speech-sdk-master\quickstart\csharp\uwp\from-microphone\helloworld\helloworld.csproj","helloworld.csproj",".csproj","5842","7/11/2025 10:22:56 PM"
"C:\cognitive-services-speech-sdk-master\quickstart\csharp\uwp\from-microphone\helloworld\helloworld_TemporaryKey.pfx","helloworld_TemporaryKey.pfx",".pfx","2606","7/11/2025 10:22:56 PM"
"C:\cognitive-services-speech-sdk-master\quickstart\csharp\uwp\from-microphone\helloworld\MainPage.xaml","MainPage.xaml",".xaml","1953","7/11/2025 10:22:56 PM"
"C:\cognitive-services-speech-sdk-master\quickstart\csharp\uwp\from-microphone\helloworld\MainPage.xaml.cs","MainPage.xaml.cs",".cs","7164","7/11/2025 10:22:56 PM"
"C:\cognitive-services-speech-sdk-master\quickstart\csharp\uwp\from-microphone\helloworld\Package.appxmanifest","Package.appxmanifest",".appxmanifest","1562","7/11/2025 10:22:56 PM"
"C:\cognitive-services-speech-sdk-master\quickstart\csharp\uwp\from-microphone\helloworld\Assets\LockScreenLogo.scale-200.png","LockScreenLogo.scale-200.png",".png","1430","7/11/2025 10:22:56 PM"
"C:\cognitive-services-speech-sdk-master\quickstart\csharp\uwp\from-microphone\helloworld\Assets\SplashScreen.scale-200.png","SplashScreen.scale-200.png",".png","21075","7/11/2025 10:22:56 PM"
"C:\cognitive-services-speech-sdk-master\quickstart\csharp\uwp\from-microphone\helloworld\Assets\Square150x150Logo.scale-200.png","Square150x150Logo.scale-200.png",".png","8626","7/11/2025 10:22:56 PM"
"C:\cognitive-services-speech-sdk-master\quickstart\csharp\uwp\from-microphone\helloworld\Assets\Square44x44Logo.scale-200.png","Square44x44Logo.scale-200.png",".png","3232","7/11/2025 10:22:56 PM"
"C:\cognitive-services-speech-sdk-master\quickstart\csharp\uwp\from-microphone\helloworld\Assets\Square44x44Logo.targetsize-24_altform-unplated.png","Square44x44Logo.targetsize-24_altform-unplated.png",".png","1255","7/11/2025 10:22:56 PM"
"C:\cognitive-services-speech-sdk-master\quickstart\csharp\uwp\from-microphone\helloworld\Assets\StoreLogo.png","StoreLogo.png",".png","2170","7/11/2025 10:22:56 PM"
"C:\cognitive-services-speech-sdk-master\quickstart\csharp\uwp\from-microphone\helloworld\Assets\Wide310x150Logo.scale-200.png","Wide310x150Logo.scale-200.png",".png","9915","7/11/2025 10:22:56 PM"
"C:\cognitive-services-speech-sdk-master\quickstart\csharp\uwp\from-microphone\helloworld\Properties\AssemblyInfo.cs","AssemblyInfo.cs",".cs","1048","7/11/2025 10:22:56 PM"
"C:\cognitive-services-speech-sdk-master\quickstart\csharp\uwp\from-microphone\helloworld\Properties\Default.rd.xml","Default.rd.xml",".xml","1243","7/11/2025 10:22:56 PM"
"C:\cognitive-services-speech-sdk-master\quickstart\csharp\uwp\keyword-recognizer\helloworld.sln","helloworld.sln",".sln","2727","7/11/2025 10:22:56 PM"
"C:\cognitive-services-speech-sdk-master\quickstart\csharp\uwp\keyword-recognizer\README.md","README.md",".md","2461","7/11/2025 10:22:56 PM"
"C:\cognitive-services-speech-sdk-master\quickstart\csharp\uwp\keyword-recognizer\helloworld\App.xaml","App.xaml",".xaml","223","7/11/2025 10:22:56 PM"
"C:\cognitive-services-speech-sdk-master\quickstart\csharp\uwp\keyword-recognizer\helloworld\App.xaml.cs","App.xaml.cs",".cs","4081","7/11/2025 10:22:56 PM"
"C:\cognitive-services-speech-sdk-master\quickstart\csharp\uwp\keyword-recognizer\helloworld\helloworld.csproj","helloworld.csproj",".csproj","7882","7/11/2025 10:22:56 PM"
"C:\cognitive-services-speech-sdk-master\quickstart\csharp\uwp\keyword-recognizer\helloworld\MainPage.xaml","MainPage.xaml",".xaml","2044","7/11/2025 10:22:56 PM"
"C:\cognitive-services-speech-sdk-master\quickstart\csharp\uwp\keyword-recognizer\helloworld\MainPage.xaml.cs","MainPage.xaml.cs",".cs","6747","7/11/2025 10:22:56 PM"
"C:\cognitive-services-speech-sdk-master\quickstart\csharp\uwp\keyword-recognizer\helloworld\Package.appxmanifest","Package.appxmanifest",".appxmanifest","1619","7/11/2025 10:22:56 PM"
"C:\cognitive-services-speech-sdk-master\quickstart\csharp\uwp\keyword-recognizer\helloworld\Assets\LockScreenLogo.scale-200.png","LockScreenLogo.scale-200.png",".png","1430","7/11/2025 10:22:56 PM"
"C:\cognitive-services-speech-sdk-master\quickstart\csharp\uwp\keyword-recognizer\helloworld\Assets\SplashScreen.scale-200.png","SplashScreen.scale-200.png",".png","7700","7/11/2025 10:22:56 PM"
"C:\cognitive-services-speech-sdk-master\quickstart\csharp\uwp\keyword-recognizer\helloworld\Assets\Square150x150Logo.scale-200.png","Square150x150Logo.scale-200.png",".png","2937","7/11/2025 10:22:56 PM"
"C:\cognitive-services-speech-sdk-master\quickstart\csharp\uwp\keyword-recognizer\helloworld\Assets\Square44x44Logo.scale-200.png","Square44x44Logo.scale-200.png",".png","1647","7/11/2025 10:22:56 PM"
"C:\cognitive-services-speech-sdk-master\quickstart\csharp\uwp\keyword-recognizer\helloworld\Assets\Square44x44Logo.targetsize-24_altform-unplated.png","Square44x44Logo.targetsize-24_altform-unplated.png",".png","1255","7/11/2025 10:22:56 PM"
"C:\cognitive-services-speech-sdk-master\quickstart\csharp\uwp\keyword-recognizer\helloworld\Assets\StoreLogo.png","StoreLogo.png",".png","1451","7/11/2025 10:22:56 PM"
"C:\cognitive-services-speech-sdk-master\quickstart\csharp\uwp\keyword-recognizer\helloworld\Assets\Wide310x150Logo.scale-200.png","Wide310x150Logo.scale-200.png",".png","3204","7/11/2025 10:22:56 PM"
"C:\cognitive-services-speech-sdk-master\quickstart\csharp\uwp\keyword-recognizer\helloworld\Keyword\kws.table","kws.table",".table","4972236","7/11/2025 10:22:56 PM"
"C:\cognitive-services-speech-sdk-master\quickstart\csharp\uwp\keyword-recognizer\helloworld\Properties\AssemblyInfo.cs","AssemblyInfo.cs",".cs","1044","7/11/2025 10:22:56 PM"
"C:\cognitive-services-speech-sdk-master\quickstart\csharp\uwp\keyword-recognizer\helloworld\Properties\Default.rd.xml","Default.rd.xml",".xml","1243","7/11/2025 10:22:56 PM"
"C:\cognitive-services-speech-sdk-master\quickstart\csharp\uwp\text-to-speech\helloworld.sln","helloworld.sln",".sln","1696","7/11/2025 10:22:56 PM"
"C:\cognitive-services-speech-sdk-master\quickstart\csharp\uwp\text-to-speech\README.md","README.md",".md","3040","7/11/2025 10:22:56 PM"
"C:\cognitive-services-speech-sdk-master\quickstart\csharp\uwp\text-to-speech\helloworld\App.xaml","App.xaml",".xaml","223","7/11/2025 10:22:56 PM"
"C:\cognitive-services-speech-sdk-master\quickstart\csharp\uwp\text-to-speech\helloworld\App.xaml.cs","App.xaml.cs",".cs","4081","7/11/2025 10:22:56 PM"
"C:\cognitive-services-speech-sdk-master\quickstart\csharp\uwp\text-to-speech\helloworld\helloworld.csproj","helloworld.csproj",".csproj","5841","7/11/2025 10:22:56 PM"
"C:\cognitive-services-speech-sdk-master\quickstart\csharp\uwp\text-to-speech\helloworld\helloworld_TemporaryKey.pfx","helloworld_TemporaryKey.pfx",".pfx","2606","7/11/2025 10:22:56 PM"
"C:\cognitive-services-speech-sdk-master\quickstart\csharp\uwp\text-to-speech\helloworld\MainPage.xaml","MainPage.xaml",".xaml","1808","7/11/2025 10:22:56 PM"
"C:\cognitive-services-speech-sdk-master\quickstart\csharp\uwp\text-to-speech\helloworld\MainPage.xaml.cs","MainPage.xaml.cs",".cs","5846","7/11/2025 10:22:56 PM"
"C:\cognitive-services-speech-sdk-master\quickstart\csharp\uwp\text-to-speech\helloworld\Package.appxmanifest","Package.appxmanifest",".appxmanifest","1516","7/11/2025 10:22:56 PM"
"C:\cognitive-services-speech-sdk-master\quickstart\csharp\uwp\text-to-speech\helloworld\Assets\LockScreenLogo.scale-200.png","LockScreenLogo.scale-200.png",".png","1187","7/11/2025 10:22:57 PM"
"C:\cognitive-services-speech-sdk-master\quickstart\csharp\uwp\text-to-speech\helloworld\Assets\SplashScreen.scale-200.png","SplashScreen.scale-200.png",".png","20606","7/11/2025 10:22:57 PM"
"C:\cognitive-services-speech-sdk-master\quickstart\csharp\uwp\text-to-speech\helloworld\Assets\Square150x150Logo.scale-200.png","Square150x150Logo.scale-200.png",".png","8613","7/11/2025 10:22:57 PM"
"C:\cognitive-services-speech-sdk-master\quickstart\csharp\uwp\text-to-speech\helloworld\Assets\Square44x44Logo.scale-200.png","Square44x44Logo.scale-200.png",".png","2474","7/11/2025 10:22:57 PM"
"C:\cognitive-services-speech-sdk-master\quickstart\csharp\uwp\text-to-speech\helloworld\Assets\Square44x44Logo.targetsize-24_altform-unplated.png","Square44x44Logo.targetsize-24_altform-unplated.png",".png","579","7/11/2025 10:22:57 PM"
"C:\cognitive-services-speech-sdk-master\quickstart\csharp\uwp\text-to-speech\helloworld\Assets\StoreLogo.png","StoreLogo.png",".png","1313","7/11/2025 10:22:57 PM"
"C:\cognitive-services-speech-sdk-master\quickstart\csharp\uwp\text-to-speech\helloworld\Assets\Wide310x150Logo.scale-200.png","Wide310x150Logo.scale-200.png",".png","9779","7/11/2025 10:22:57 PM"
"C:\cognitive-services-speech-sdk-master\quickstart\csharp\uwp\text-to-speech\helloworld\Properties\AssemblyInfo.cs","AssemblyInfo.cs",".cs","1048","7/11/2025 10:22:57 PM"
"C:\cognitive-services-speech-sdk-master\quickstart\csharp\uwp\text-to-speech\helloworld\Properties\Default.rd.xml","Default.rd.xml",".xml","1243","7/11/2025 10:22:57 PM"
"C:\cognitive-services-speech-sdk-master\quickstart\csharp\uwp\translate-speech-to-text\helloworld.sln","helloworld.sln",".sln","1740","7/11/2025 10:22:57 PM"
"C:\cognitive-services-speech-sdk-master\quickstart\csharp\uwp\translate-speech-to-text\README.md","README.md",".md","2967","7/11/2025 10:22:57 PM"
"C:\cognitive-services-speech-sdk-master\quickstart\csharp\uwp\translate-speech-to-text\helloworld\App.xaml","App.xaml",".xaml","223","7/11/2025 10:22:57 PM"
"C:\cognitive-services-speech-sdk-master\quickstart\csharp\uwp\translate-speech-to-text\helloworld\App.xaml.cs","App.xaml.cs",".cs","4081","7/11/2025 10:22:57 PM"
"C:\cognitive-services-speech-sdk-master\quickstart\csharp\uwp\translate-speech-to-text\helloworld\helloworld.csproj","helloworld.csproj",".csproj","5841","7/11/2025 10:22:57 PM"
"C:\cognitive-services-speech-sdk-master\quickstart\csharp\uwp\translate-speech-to-text\helloworld\helloworld_TemporaryKey.pfx","helloworld_TemporaryKey.pfx",".pfx","2606","7/11/2025 10:22:57 PM"
"C:\cognitive-services-speech-sdk-master\quickstart\csharp\uwp\translate-speech-to-text\helloworld\MainPage.xaml","MainPage.xaml",".xaml","1939","7/11/2025 10:22:57 PM"
"C:\cognitive-services-speech-sdk-master\quickstart\csharp\uwp\translate-speech-to-text\helloworld\MainPage.xaml.cs","MainPage.xaml.cs",".cs","7434","7/11/2025 10:22:57 PM"
"C:\cognitive-services-speech-sdk-master\quickstart\csharp\uwp\translate-speech-to-text\helloworld\Package.appxmanifest","Package.appxmanifest",".appxmanifest","1559","7/11/2025 10:22:57 PM"
"C:\cognitive-services-speech-sdk-master\quickstart\csharp\uwp\translate-speech-to-text\helloworld\Assets\LockScreenLogo.scale-200.png","LockScreenLogo.scale-200.png",".png","1430","7/11/2025 10:22:57 PM"
"C:\cognitive-services-speech-sdk-master\quickstart\csharp\uwp\translate-speech-to-text\helloworld\Assets\SplashScreen.scale-200.png","SplashScreen.scale-200.png",".png","21075","7/11/2025 10:22:57 PM"
"C:\cognitive-services-speech-sdk-master\quickstart\csharp\uwp\translate-speech-to-text\helloworld\Assets\Square150x150Logo.scale-200.png","Square150x150Logo.scale-200.png",".png","8626","7/11/2025 10:22:57 PM"
"C:\cognitive-services-speech-sdk-master\quickstart\csharp\uwp\translate-speech-to-text\helloworld\Assets\Square44x44Logo.scale-200.png","Square44x44Logo.scale-200.png",".png","3232","7/11/2025 10:22:57 PM"
"C:\cognitive-services-speech-sdk-master\quickstart\csharp\uwp\translate-speech-to-text\helloworld\Assets\Square44x44Logo.targetsize-24_altform-unplated.png","Square44x44Logo.targetsize-24_altform-unplated.png",".png","1255","7/11/2025 10:22:57 PM"
"C:\cognitive-services-speech-sdk-master\quickstart\csharp\uwp\translate-speech-to-text\helloworld\Assets\StoreLogo.png","StoreLogo.png",".png","2170","7/11/2025 10:22:57 PM"
"C:\cognitive-services-speech-sdk-master\quickstart\csharp\uwp\translate-speech-to-text\helloworld\Assets\Wide310x150Logo.scale-200.png","Wide310x150Logo.scale-200.png",".png","9915","7/11/2025 10:22:57 PM"
"C:\cognitive-services-speech-sdk-master\quickstart\csharp\uwp\translate-speech-to-text\helloworld\Properties\AssemblyInfo.cs","AssemblyInfo.cs",".cs","1048","7/11/2025 10:22:57 PM"
"C:\cognitive-services-speech-sdk-master\quickstart\csharp\uwp\translate-speech-to-text\helloworld\Properties\Default.rd.xml","Default.rd.xml",".xml","1243","7/11/2025 10:22:57 PM"
"C:\cognitive-services-speech-sdk-master\quickstart\csharp\uwp\virtual-assistant\App.xaml","App.xaml",".xaml","223","7/11/2025 10:22:57 PM"
"C:\cognitive-services-speech-sdk-master\quickstart\csharp\uwp\virtual-assistant\App.xaml.cs","App.xaml.cs",".cs","4081","7/11/2025 10:22:57 PM"
"C:\cognitive-services-speech-sdk-master\quickstart\csharp\uwp\virtual-assistant\helloworld.csproj","helloworld.csproj",".csproj","7936","7/11/2025 10:22:57 PM"
"C:\cognitive-services-speech-sdk-master\quickstart\csharp\uwp\virtual-assistant\helloworld.sln","helloworld.sln",".sln","2709","7/11/2025 10:22:57 PM"
"C:\cognitive-services-speech-sdk-master\quickstart\csharp\uwp\virtual-assistant\helloworld_TemporaryKey.pfx","helloworld_TemporaryKey.pfx",".pfx","2606","7/11/2025 10:22:57 PM"
"C:\cognitive-services-speech-sdk-master\quickstart\csharp\uwp\virtual-assistant\MainPage.xaml","MainPage.xaml",".xaml","1875","7/11/2025 10:22:57 PM"
"C:\cognitive-services-speech-sdk-master\quickstart\csharp\uwp\virtual-assistant\MainPage.xaml.cs","MainPage.xaml.cs",".cs","10112","7/11/2025 10:22:57 PM"
"C:\cognitive-services-speech-sdk-master\quickstart\csharp\uwp\virtual-assistant\Package.appxmanifest","Package.appxmanifest",".appxmanifest","1562","7/11/2025 10:22:57 PM"
"C:\cognitive-services-speech-sdk-master\quickstart\csharp\uwp\virtual-assistant\README.md","README.md",".md","2932","7/11/2025 10:22:57 PM"
"C:\cognitive-services-speech-sdk-master\quickstart\csharp\uwp\virtual-assistant\Assets\LockScreenLogo.scale-200.png","LockScreenLogo.scale-200.png",".png","1430","7/11/2025 10:22:57 PM"
"C:\cognitive-services-speech-sdk-master\quickstart\csharp\uwp\virtual-assistant\Assets\SplashScreen.scale-200.png","SplashScreen.scale-200.png",".png","7700","7/11/2025 10:22:57 PM"
"C:\cognitive-services-speech-sdk-master\quickstart\csharp\uwp\virtual-assistant\Assets\Square150x150Logo.scale-200.png","Square150x150Logo.scale-200.png",".png","2937","7/11/2025 10:22:57 PM"
"C:\cognitive-services-speech-sdk-master\quickstart\csharp\uwp\virtual-assistant\Assets\Square44x44Logo.scale-200.png","Square44x44Logo.scale-200.png",".png","1647","7/11/2025 10:22:57 PM"
"C:\cognitive-services-speech-sdk-master\quickstart\csharp\uwp\virtual-assistant\Assets\Square44x44Logo.targetsize-24_altform-unplated.png","Square44x44Logo.targetsize-24_altform-unplated.png",".png","1255","7/11/2025 10:22:57 PM"
"C:\cognitive-services-speech-sdk-master\quickstart\csharp\uwp\virtual-assistant\Assets\StoreLogo.png","StoreLogo.png",".png","1451","7/11/2025 10:22:57 PM"
"C:\cognitive-services-speech-sdk-master\quickstart\csharp\uwp\virtual-assistant\Assets\Wide310x150Logo.scale-200.png","Wide310x150Logo.scale-200.png",".png","3204","7/11/2025 10:22:57 PM"
"C:\cognitive-services-speech-sdk-master\quickstart\csharp\uwp\virtual-assistant\Properties\AssemblyInfo.cs","AssemblyInfo.cs",".cs","1048","7/11/2025 10:22:57 PM"
"C:\cognitive-services-speech-sdk-master\quickstart\csharp\uwp\virtual-assistant\Properties\Default.rd.xml","Default.rd.xml",".xml","1243","7/11/2025 10:22:57 PM"
"C:\cognitive-services-speech-sdk-master\quickstart\java\android\from-microphone\.gitignore",".gitignore",".gitignore","137","7/11/2025 10:22:57 PM"
"C:\cognitive-services-speech-sdk-master\quickstart\java\android\from-microphone\build.gradle","build.gradle",".gradle","542","7/11/2025 10:22:57 PM"
"C:\cognitive-services-speech-sdk-master\quickstart\java\android\from-microphone\gradle.properties","gradle.properties",".properties","779","7/11/2025 10:22:57 PM"
"C:\cognitive-services-speech-sdk-master\quickstart\java\android\from-microphone\gradlew","gradlew","","8692","7/11/2025 10:22:57 PM"
"C:\cognitive-services-speech-sdk-master\quickstart\java\android\from-microphone\gradlew.bat","gradlew.bat",".bat","2776","7/11/2025 10:22:57 PM"
"C:\cognitive-services-speech-sdk-master\quickstart\java\android\from-microphone\README.md","README.md",".md","3494","7/11/2025 10:22:57 PM"
"C:\cognitive-services-speech-sdk-master\quickstart\java\android\from-microphone\settings.gradle","settings.gradle",".gradle","15","7/11/2025 10:22:57 PM"
"C:\cognitive-services-speech-sdk-master\quickstart\java\android\from-microphone\app\.gitignore",".gitignore",".gitignore","7","7/11/2025 10:22:57 PM"
"C:\cognitive-services-speech-sdk-master\quickstart\java\android\from-microphone\app\build.gradle","build.gradle",".gradle","1275","7/11/2025 10:22:57 PM"
"C:\cognitive-services-speech-sdk-master\quickstart\java\android\from-microphone\app\proguard-rules.pro","proguard-rules.pro",".pro","751","7/11/2025 10:22:57 PM"
"C:\cognitive-services-speech-sdk-master\quickstart\java\android\from-microphone\app\src\main\AndroidManifest.xml","AndroidManifest.xml",".xml","915","7/11/2025 10:22:57 PM"
"C:\cognitive-services-speech-sdk-master\quickstart\java\android\from-microphone\app\src\main\java\com\microsoft\cognitiveservices\speech\samples\quickstart\MainActivity.java","MainActivity.java",".java","2562","7/11/2025 10:22:57 PM"
"C:\cognitive-services-speech-sdk-master\quickstart\java\android\from-microphone\app\src\main\res\layout\activity_main.xml","activity_main.xml",".xml","1319","7/11/2025 10:22:57 PM"
"C:\cognitive-services-speech-sdk-master\quickstart\java\android\from-microphone\app\src\main\res\mipmap-anydpi-v26\ic_launcher.xml","ic_launcher.xml",".xml","266","7/11/2025 10:22:57 PM"
"C:\cognitive-services-speech-sdk-master\quickstart\java\android\from-microphone\app\src\main\res\mipmap-anydpi-v26\ic_launcher_round.xml","ic_launcher_round.xml",".xml","266","7/11/2025 10:22:57 PM"
"C:\cognitive-services-speech-sdk-master\quickstart\java\android\from-microphone\app\src\main\res\mipmap-hdpi\ic_launcher.png","ic_launcher.png",".png","1352","7/11/2025 10:22:57 PM"
"C:\cognitive-services-speech-sdk-master\quickstart\java\android\from-microphone\app\src\main\res\mipmap-hdpi\ic_launcher_foreground.png","ic_launcher_foreground.png",".png","1153","7/11/2025 10:22:57 PM"
"C:\cognitive-services-speech-sdk-master\quickstart\java\android\from-microphone\app\src\main\res\mipmap-hdpi\ic_launcher_round.png","ic_launcher_round.png",".png","3101","7/11/2025 10:22:57 PM"
"C:\cognitive-services-speech-sdk-master\quickstart\java\android\from-microphone\app\src\main\res\mipmap-mdpi\ic_launcher.png","ic_launcher.png",".png","863","7/11/2025 10:22:57 PM"
"C:\cognitive-services-speech-sdk-master\quickstart\java\android\from-microphone\app\src\main\res\mipmap-mdpi\ic_launcher_foreground.png","ic_launcher_foreground.png",".png","732","7/11/2025 10:22:57 PM"
"C:\cognitive-services-speech-sdk-master\quickstart\java\android\from-microphone\app\src\main\res\mipmap-mdpi\ic_launcher_round.png","ic_launcher_round.png",".png","1873","7/11/2025 10:22:57 PM"
"C:\cognitive-services-speech-sdk-master\quickstart\java\android\from-microphone\app\src\main\res\mipmap-xhdpi\ic_launcher.png","ic_launcher.png",".png","1892","7/11/2025 10:22:57 PM"
"C:\cognitive-services-speech-sdk-master\quickstart\java\android\from-microphone\app\src\main\res\mipmap-xhdpi\ic_launcher_foreground.png","ic_launcher_foreground.png",".png","1500","7/11/2025 10:22:57 PM"
"C:\cognitive-services-speech-sdk-master\quickstart\java\android\from-microphone\app\src\main\res\mipmap-xhdpi\ic_launcher_round.png","ic_launcher_round.png",".png","4442","7/11/2025 10:22:57 PM"
"C:\cognitive-services-speech-sdk-master\quickstart\java\android\from-microphone\app\src\main\res\mipmap-xxhdpi\ic_launcher.png","ic_launcher.png",".png","2894","7/11/2025 10:22:57 PM"
"C:\cognitive-services-speech-sdk-master\quickstart\java\android\from-microphone\app\src\main\res\mipmap-xxhdpi\ic_launcher_foreground.png","ic_launcher_foreground.png",".png","2437","7/11/2025 10:22:57 PM"
"C:\cognitive-services-speech-sdk-master\quickstart\java\android\from-microphone\app\src\main\res\mipmap-xxhdpi\ic_launcher_round.png","ic_launcher_round.png",".png","7000","7/11/2025 10:22:57 PM"
"C:\cognitive-services-speech-sdk-master\quickstart\java\android\from-microphone\app\src\main\res\mipmap-xxxhdpi\ic_launcher.png","ic_launcher.png",".png","4114","7/11/2025 10:22:57 PM"
"C:\cognitive-services-speech-sdk-master\quickstart\java\android\from-microphone\app\src\main\res\mipmap-xxxhdpi\ic_launcher_foreground.png","ic_launcher_foreground.png",".png","3299","7/11/2025 10:22:57 PM"
"C:\cognitive-services-speech-sdk-master\quickstart\java\android\from-microphone\app\src\main\res\mipmap-xxxhdpi\ic_launcher_round.png","ic_launcher_round.png",".png","10070","7/11/2025 10:22:57 PM"
"C:\cognitive-services-speech-sdk-master\quickstart\java\android\from-microphone\app\src\main\res\values\colors.xml","colors.xml",".xml","208","7/11/2025 10:22:57 PM"
"C:\cognitive-services-speech-sdk-master\quickstart\java\android\from-microphone\app\src\main\res\values\ic_launcher_background.xml","ic_launcher_background.xml",".xml","121","7/11/2025 10:22:57 PM"
"C:\cognitive-services-speech-sdk-master\quickstart\java\android\from-microphone\app\src\main\res\values\strings.xml","strings.xml",".xml","73","7/11/2025 10:22:57 PM"
"C:\cognitive-services-speech-sdk-master\quickstart\java\android\from-microphone\app\src\main\res\values\styles.xml","styles.xml",".xml","383","7/11/2025 10:22:57 PM"
"C:\cognitive-services-speech-sdk-master\quickstart\java\android\from-microphone\gradle\wrapper\gradle-wrapper.jar","gradle-wrapper.jar",".jar","43462","7/11/2025 10:22:58 PM"
"C:\cognitive-services-speech-sdk-master\quickstart\java\android\from-microphone\gradle\wrapper\gradle-wrapper.properties","gradle-wrapper.properties",".properties","280","7/11/2025 10:22:58 PM"
"C:\cognitive-services-speech-sdk-master\quickstart\java\android\intent-recognition\.gitignore",".gitignore",".gitignore","137","7/11/2025 10:22:58 PM"
"C:\cognitive-services-speech-sdk-master\quickstart\java\android\intent-recognition\build.gradle","build.gradle",".gradle","542","7/11/2025 10:22:58 PM"
"C:\cognitive-services-speech-sdk-master\quickstart\java\android\intent-recognition\gradle.properties","gradle.properties",".properties","779","7/11/2025 10:22:58 PM"
"C:\cognitive-services-speech-sdk-master\quickstart\java\android\intent-recognition\gradlew","gradlew","","8762","7/11/2025 10:22:58 PM"
"C:\cognitive-services-speech-sdk-master\quickstart\java\android\intent-recognition\gradlew.bat","gradlew.bat",".bat","2872","7/11/2025 10:22:58 PM"
"C:\cognitive-services-speech-sdk-master\quickstart\java\android\intent-recognition\README.md","README.md",".md","3682","7/11/2025 10:22:58 PM"
"C:\cognitive-services-speech-sdk-master\quickstart\java\android\intent-recognition\settings.gradle","settings.gradle",".gradle","15","7/11/2025 10:22:58 PM"
"C:\cognitive-services-speech-sdk-master\quickstart\java\android\intent-recognition\app\.gitignore",".gitignore",".gitignore","7","7/11/2025 10:22:58 PM"
"C:\cognitive-services-speech-sdk-master\quickstart\java\android\intent-recognition\app\build.gradle","build.gradle",".gradle","1275","7/11/2025 10:22:58 PM"
"C:\cognitive-services-speech-sdk-master\quickstart\java\android\intent-recognition\app\proguard-rules.pro","proguard-rules.pro",".pro","751","7/11/2025 10:22:58 PM"
"C:\cognitive-services-speech-sdk-master\quickstart\java\android\intent-recognition\app\src\main\AndroidManifest.xml","AndroidManifest.xml",".xml","915","7/11/2025 10:22:58 PM"
"C:\cognitive-services-speech-sdk-master\quickstart\java\android\intent-recognition\app\src\main\java\com\microsoft\cognitiveservices\speech\samples\quickstart\MainActivity.java","MainActivity.java",".java","4418","7/11/2025 10:22:58 PM"
"C:\cognitive-services-speech-sdk-master\quickstart\java\android\intent-recognition\app\src\main\res\layout\activity_main.xml","activity_main.xml",".xml","1319","7/11/2025 10:22:58 PM"
"C:\cognitive-services-speech-sdk-master\quickstart\java\android\intent-recognition\app\src\main\res\mipmap-anydpi-v26\ic_launcher.xml","ic_launcher.xml",".xml","266","7/11/2025 10:22:58 PM"
"C:\cognitive-services-speech-sdk-master\quickstart\java\android\intent-recognition\app\src\main\res\mipmap-anydpi-v26\ic_launcher_round.xml","ic_launcher_round.xml",".xml","266","7/11/2025 10:22:58 PM"
"C:\cognitive-services-speech-sdk-master\quickstart\java\android\intent-recognition\app\src\main\res\mipmap-hdpi\ic_launcher.png","ic_launcher.png",".png","1352","7/11/2025 10:22:58 PM"
"C:\cognitive-services-speech-sdk-master\quickstart\java\android\intent-recognition\app\src\main\res\mipmap-hdpi\ic_launcher_foreground.png","ic_launcher_foreground.png",".png","1153","7/11/2025 10:22:58 PM"
"C:\cognitive-services-speech-sdk-master\quickstart\java\android\intent-recognition\app\src\main\res\mipmap-hdpi\ic_launcher_round.png","ic_launcher_round.png",".png","3101","7/11/2025 10:22:58 PM"
"C:\cognitive-services-speech-sdk-master\quickstart\java\android\intent-recognition\app\src\main\res\mipmap-mdpi\ic_launcher.png","ic_launcher.png",".png","863","7/11/2025 10:22:58 PM"
"C:\cognitive-services-speech-sdk-master\quickstart\java\android\intent-recognition\app\src\main\res\mipmap-mdpi\ic_launcher_foreground.png","ic_launcher_foreground.png",".png","732","7/11/2025 10:22:58 PM"
"C:\cognitive-services-speech-sdk-master\quickstart\java\android\intent-recognition\app\src\main\res\mipmap-mdpi\ic_launcher_round.png","ic_launcher_round.png",".png","1873","7/11/2025 10:22:58 PM"
"C:\cognitive-services-speech-sdk-master\quickstart\java\android\intent-recognition\app\src\main\res\mipmap-xhdpi\ic_launcher.png","ic_launcher.png",".png","1892","7/11/2025 10:22:58 PM"
"C:\cognitive-services-speech-sdk-master\quickstart\java\android\intent-recognition\app\src\main\res\mipmap-xhdpi\ic_launcher_foreground.png","ic_launcher_foreground.png",".png","1500","7/11/2025 10:22:58 PM"
"C:\cognitive-services-speech-sdk-master\quickstart\java\android\intent-recognition\app\src\main\res\mipmap-xhdpi\ic_launcher_round.png","ic_launcher_round.png",".png","4442","7/11/2025 10:22:58 PM"
"C:\cognitive-services-speech-sdk-master\quickstart\java\android\intent-recognition\app\src\main\res\mipmap-xxhdpi\ic_launcher.png","ic_launcher.png",".png","2894","7/11/2025 10:22:58 PM"
"C:\cognitive-services-speech-sdk-master\quickstart\java\android\intent-recognition\app\src\main\res\mipmap-xxhdpi\ic_launcher_foreground.png","ic_launcher_foreground.png",".png","2437","7/11/2025 10:22:58 PM"
"C:\cognitive-services-speech-sdk-master\quickstart\java\android\intent-recognition\app\src\main\res\mipmap-xxhdpi\ic_launcher_round.png","ic_launcher_round.png",".png","7000","7/11/2025 10:22:58 PM"
"C:\cognitive-services-speech-sdk-master\quickstart\java\android\intent-recognition\app\src\main\res\mipmap-xxxhdpi\ic_launcher.png","ic_launcher.png",".png","4114","7/11/2025 10:22:58 PM"
"C:\cognitive-services-speech-sdk-master\quickstart\java\android\intent-recognition\app\src\main\res\mipmap-xxxhdpi\ic_launcher_foreground.png","ic_launcher_foreground.png",".png","3299","7/11/2025 10:22:58 PM"
"C:\cognitive-services-speech-sdk-master\quickstart\java\android\intent-recognition\app\src\main\res\mipmap-xxxhdpi\ic_launcher_round.png","ic_launcher_round.png",".png","10070","7/11/2025 10:22:58 PM"
"C:\cognitive-services-speech-sdk-master\quickstart\java\android\intent-recognition\app\src\main\res\values\colors.xml","colors.xml",".xml","208","7/11/2025 10:22:58 PM"
"C:\cognitive-services-speech-sdk-master\quickstart\java\android\intent-recognition\app\src\main\res\values\ic_launcher_background.xml","ic_launcher_background.xml",".xml","121","7/11/2025 10:22:58 PM"
"C:\cognitive-services-speech-sdk-master\quickstart\java\android\intent-recognition\app\src\main\res\values\strings.xml","strings.xml",".xml","73","7/11/2025 10:22:58 PM"
"C:\cognitive-services-speech-sdk-master\quickstart\java\android\intent-recognition\app\src\main\res\values\styles.xml","styles.xml",".xml","383","7/11/2025 10:22:58 PM"
"C:\cognitive-services-speech-sdk-master\quickstart\java\android\intent-recognition\gradle\wrapper\gradle-wrapper.jar","gradle-wrapper.jar",".jar","43504","7/11/2025 10:22:58 PM"
"C:\cognitive-services-speech-sdk-master\quickstart\java\android\intent-recognition\gradle\wrapper\gradle-wrapper.properties","gradle-wrapper.properties",".properties","250","7/11/2025 10:22:58 PM"
"C:\cognitive-services-speech-sdk-master\quickstart\java\android\keyword-recognizer-stream\.gitignore",".gitignore",".gitignore","137","7/11/2025 10:22:58 PM"
"C:\cognitive-services-speech-sdk-master\quickstart\java\android\keyword-recognizer-stream\.project",".project",".project","524","7/11/2025 10:22:58 PM"
"C:\cognitive-services-speech-sdk-master\quickstart\java\android\keyword-recognizer-stream\build.gradle","build.gradle",".gradle","542","7/11/2025 10:22:58 PM"
"C:\cognitive-services-speech-sdk-master\quickstart\java\android\keyword-recognizer-stream\gradle.properties","gradle.properties",".properties","779","7/11/2025 10:22:58 PM"
"C:\cognitive-services-speech-sdk-master\quickstart\java\android\keyword-recognizer-stream\gradlew","gradlew","","8762","7/11/2025 10:22:58 PM"
"C:\cognitive-services-speech-sdk-master\quickstart\java\android\keyword-recognizer-stream\gradlew.bat","gradlew.bat",".bat","2872","7/11/2025 10:22:58 PM"
"C:\cognitive-services-speech-sdk-master\quickstart\java\android\keyword-recognizer-stream\README.md","README.md",".md","2702","7/11/2025 10:22:58 PM"
"C:\cognitive-services-speech-sdk-master\quickstart\java\android\keyword-recognizer-stream\settings.gradle","settings.gradle",".gradle","15","7/11/2025 10:22:58 PM"
"C:\cognitive-services-speech-sdk-master\quickstart\java\android\keyword-recognizer-stream\.settings\org.eclipse.buildship.core.prefs","org.eclipse.buildship.core.prefs",".prefs","704","7/11/2025 10:22:58 PM"
"C:\cognitive-services-speech-sdk-master\quickstart\java\android\keyword-recognizer-stream\app\.gitignore",".gitignore",".gitignore","7","7/11/2025 10:22:58 PM"
"C:\cognitive-services-speech-sdk-master\quickstart\java\android\keyword-recognizer-stream\app\build.gradle","build.gradle",".gradle","1275","7/11/2025 10:22:58 PM"
"C:\cognitive-services-speech-sdk-master\quickstart\java\android\keyword-recognizer-stream\app\proguard-rules.pro","proguard-rules.pro",".pro","751","7/11/2025 10:22:58 PM"
"C:\cognitive-services-speech-sdk-master\quickstart\java\android\keyword-recognizer-stream\app\src\main\AndroidManifest.xml","AndroidManifest.xml",".xml","848","7/11/2025 10:22:58 PM"
"C:\cognitive-services-speech-sdk-master\quickstart\java\android\keyword-recognizer-stream\app\src\main\assets\kws.table","kws.table",".table","4972236","7/11/2025 10:22:58 PM"
